INTERVALSTARTTIME_GMT,INTERVALENDTIME_GMT,SLRS_TYPE,OPR_DT,OPR_HR,OPR_INTERVAL,MARKET_RUN_ID,TAC_ZONE_NAME,SCHEDULE,XML_DATA_ITEM,POS,MW,GROUP
2019-10-11T03:00:00-00:00,2019-10-11T04:00:00-00:00,ALL,2019-10-10,21,0,DAM,Caiso_Totals,Export,ISO_TOT_EXP_MW,1,1090,1
2019-10-11T05:00:00-00:00,2019-10-11T06:00:00-00:00,ALL,2019-10-10,23,0,DAM,Caiso_Totals,Export,ISO_TOT_EXP_MW,1,1039,1
2019-10-11T02:00:00-00:00,2019-10-11T03:00:00-00:00,ALL,2019-10-10,20,0,DAM,Caiso_Totals,Export,ISO_TOT_EXP_MW,1,1201,1
2019-10-11T00:00:00-00:00,2019-10-11T01:00:00-00:00,ALL,2019-10-10,18,0,DAM,Caiso_Totals,Export,ISO_TOT_EXP_MW,1,1154,1
2019-10-10T23:00:00-00:00,2019-10-11T00:00:00-00:00,ALL,2019-10-10,17,0,DAM,Caiso_Totals,Export,ISO_TOT_EXP_MW,1,887,1
2019-10-10T15:00:00-00:00,2019-10-10T16:00:00-00:00,ALL,2019-10-10,9,0,DAM,Caiso_Totals,Export,ISO_TOT_EXP_MW,1,1041.16,1
2019-10-10T17:00:00-00:00,2019-10-10T18:00:00-00:00,ALL,2019-10-10,11,0,DAM,Caiso_Totals,Export,ISO_TOT_EXP_MW,1,1051,1
2019-10-10T16:00:00-00:00,2019-10-10T17:00:00-00:00,ALL,2019-10-10,10,0,DAM,Caiso_Totals,Export,ISO_TOT_EXP_MW,1,966,1
2019-10-10T09:00:00-00:00,2019-10-10T10:00:00-00:00,ALL,2019-10-10,3,0,DAM,Caiso_Totals,Export,ISO_TOT_EXP_MW,1,907,1
2019-10-11T04:00:00-00:00,2019-10-11T05:00:00-00:00,ALL,2019-10-10,22,0,DAM,Caiso_Totals,Export,ISO_TOT_EXP_MW,1,905,1
2019-10-10T21:00:00-00:00,2019-10-10T22:00:00-00:00,ALL,2019-10-10,15,0,DAM,Caiso_Totals,Export,ISO_TOT_EXP_MW,1,951.08,1
2019-10-10T12:00:00-00:00,2019-10-10T13:00:00-00:00,ALL,2019-10-10,6,0,DAM,Caiso_Totals,Export,ISO_TOT_EXP_MW,1,845,1
2019-10-10T07:00:00-00:00,2019-10-10T08:00:00-00:00,ALL,2019-10-10,1,0,DAM,Caiso_Totals,Export,ISO_TOT_EXP_MW,1,923,1
2019-10-10T18:00:00-00:00,2019-10-10T19:00:00-00:00,ALL,2019-10-10,12,0,DAM,Caiso_Totals,Export,ISO_TOT_EXP_MW,1,952,1
2019-10-10T13:00:00-00:00,2019-10-10T14:00:00-00:00,ALL,2019-10-10,7,0,DAM,Caiso_Totals,Export,ISO_TOT_EXP_MW,1,766,1
2019-10-10T22:00:00-00:00,2019-10-10T23:00:00-00:00,ALL,2019-10-10,16,0,DAM,Caiso_Totals,Export,ISO_TOT_EXP_MW,1,1138,1
2019-10-10T14:00:00-00:00,2019-10-10T15:00:00-00:00,ALL,2019-10-10,8,0,DAM,Caiso_Totals,Export,ISO_TOT_EXP_MW,1,1012,1
2019-10-10T19:00:00-00:00,2019-10-10T20:00:00-00:00,ALL,2019-10-10,13,0,DAM,Caiso_Totals,Export,ISO_TOT_EXP_MW,1,1071,1
2019-10-10T10:00:00-00:00,2019-10-10T11:00:00-00:00,ALL,2019-10-10,4,0,DAM,Caiso_Totals,Export,ISO_TOT_EXP_MW,1,902,1
2019-10-10T08:00:00-00:00,2019-10-10T09:00:00-00:00,ALL,2019-10-10,2,0,DAM,Caiso_Totals,Export,ISO_TOT_EXP_MW,1,913,1
2019-10-11T01:00:00-00:00,2019-10-11T02:00:00-00:00,ALL,2019-10-10,19,0,DAM,Caiso_Totals,Export,ISO_TOT_EXP_MW,1,1181,1
2019-10-10T20:00:00-00:00,2019-10-10T21:00:00-00:00,ALL,2019-10-10,14,0,DAM,Caiso_Totals,Export,ISO_TOT_EXP_MW,1,864,1
2019-10-10T11:00:00-00:00,2019-10-10T12:00:00-00:00,ALL,2019-10-10,5,0,DAM,Caiso_Totals,Export,ISO_TOT_EXP_MW,1,907,1
2019-10-11T06:00:00-00:00,2019-10-11T07:00:00-00:00,ALL,2019-10-10,24,0,DAM,Caiso_Totals,Export,ISO_TOT_EXP_MW,1,1027,1
2019-10-11T03:00:00-00:00,2019-10-11T04:00:00-00:00,ALL,2019-10-10,21,0,DAM,Caiso_Totals,Generation,ISO_TOT_GEN_MW,3,19816.94,2
2019-10-11T02:00:00-00:00,2019-10-11T03:00:00-00:00,ALL,2019-10-10,20,0,DAM,Caiso_Totals,Generation,ISO_TOT_GEN_MW,3,21630.56,2
2019-10-10T23:00:00-00:00,2019-10-11T00:00:00-00:00,ALL,2019-10-10,17,0,DAM,Caiso_Totals,Generation,ISO_TOT_GEN_MW,3,22238.7,2
2019-10-10T15:00:00-00:00,2019-10-10T16:00:00-00:00,ALL,2019-10-10,9,0,DAM,Caiso_Totals,Generation,ISO_TOT_GEN_MW,3,19013.49,2
2019-10-10T17:00:00-00:00,2019-10-10T18:00:00-00:00,ALL,2019-10-10,11,0,DAM,Caiso_Totals,Generation,ISO_TOT_GEN_MW,3,19819.92,2
2019-10-10T16:00:00-00:00,2019-10-10T17:00:00-00:00,ALL,2019-10-10,10,0,DAM,Caiso_Totals,Generation,ISO_TOT_GEN_MW,3,19283.27,2
2019-10-10T09:00:00-00:00,2019-10-10T10:00:00-00:00,ALL,2019-10-10,3,0,DAM,Caiso_Totals,Generation,ISO_TOT_GEN_MW,3,13673.69,2
2019-10-11T04:00:00-00:00,2019-10-11T05:00:00-00:00,ALL,2019-10-10,22,0,DAM,Caiso_Totals,Generation,ISO_TOT_GEN_MW,3,18910.49,2
2019-10-10T21:00:00-00:00,2019-10-10T22:00:00-00:00,ALL,2019-10-10,15,0,DAM,Caiso_Totals,Generation,ISO_TOT_GEN_MW,3,20078.73,2
2019-10-10T12:00:00-00:00,2019-10-10T13:00:00-00:00,ALL,2019-10-10,6,0,DAM,Caiso_Totals,Generation,ISO_TOT_GEN_MW,3,15268.41,2
2019-10-10T07:00:00-00:00,2019-10-10T08:00:00-00:00,ALL,2019-10-10,1,0,DAM,Caiso_Totals,Generation,ISO_TOT_GEN_MW,3,15097.04,2
2019-10-10T18:00:00-00:00,2019-10-10T19:00:00-00:00,ALL,2019-10-10,12,0,DAM,Caiso_Totals,Generation,ISO_TOT_GEN_MW,3,19754.48,2
2019-10-10T13:00:00-00:00,2019-10-10T14:00:00-00:00,ALL,2019-10-10,7,0,DAM,Caiso_Totals,Generation,ISO_TOT_GEN_MW,3,16213.96,2
2019-10-10T22:00:00-00:00,2019-10-10T23:00:00-00:00,ALL,2019-10-10,16,0,DAM,Caiso_Totals,Generation,ISO_TOT_GEN_MW,3,21166.47,2
2019-10-10T14:00:00-00:00,2019-10-10T15:00:00-00:00,ALL,2019-10-10,8,0,DAM,Caiso_Totals,Generation,ISO_TOT_GEN_MW,3,17414.66,2
2019-10-10T19:00:00-00:00,2019-10-10T20:00:00-00:00,ALL,2019-10-10,13,0,DAM,Caiso_Totals,Generation,ISO_TOT_GEN_MW,3,19783.04,2
2019-10-10T10:00:00-00:00,2019-10-10T11:00:00-00:00,ALL,2019-10-10,4,0,DAM,Caiso_Totals,Generation,ISO_TOT_GEN_MW,3,13551.41,2
2019-10-10T08:00:00-00:00,2019-10-10T09:00:00-00:00,ALL,2019-10-10,2,0,DAM,Caiso_Totals,Generation,ISO_TOT_GEN_MW,3,14382.2,2
2019-10-11T01:00:00-00:00,2019-10-11T02:00:00-00:00,ALL,2019-10-10,19,0,DAM,Caiso_Totals,Generation,ISO_TOT_GEN_MW,3,21842.66,2
2019-10-10T20:00:00-00:00,2019-10-10T21:00:00-00:00,ALL,2019-10-10,14,0,DAM,Caiso_Totals,Generation,ISO_TOT_GEN_MW,3,19931.18,2
2019-10-10T11:00:00-00:00,2019-10-10T12:00:00-00:00,ALL,2019-10-10,5,0,DAM,Caiso_Totals,Generation,ISO_TOT_GEN_MW,3,14249.84,2
2019-10-11T06:00:00-00:00,2019-10-11T07:00:00-00:00,ALL,2019-10-10,24,0,DAM,Caiso_Totals,Generation,ISO_TOT_GEN_MW,3,16111.77,2
2019-10-11T05:00:00-00:00,2019-10-11T06:00:00-00:00,ALL,2019-10-10,23,0,DAM,Caiso_Totals,Generation,ISO_TOT_GEN_MW,3,17978.61,2
2019-10-11T00:00:00-00:00,2019-10-11T01:00:00-00:00,ALL,2019-10-10,18,0,DAM,Caiso_Totals,Generation,ISO_TOT_GEN_MW,3,21491.63,2
2019-10-11T04:00:00-00:00,2019-10-11T05:00:00-00:00,ALL,2019-10-10,22,0,DAM,Caiso_Totals,Import,ISO_TOT_IMP_MW,2,7734.4,3
2019-10-10T09:00:00-00:00,2019-10-10T10:00:00-00:00,ALL,2019-10-10,3,0,DAM,Caiso_Totals,Import,ISO_TOT_IMP_MW,2,5479,3
2019-10-10T16:00:00-00:00,2019-10-10T17:00:00-00:00,ALL,2019-10-10,10,0,DAM,Caiso_Totals,Import,ISO_TOT_IMP_MW,2,4805,3
2019-10-10T17:00:00-00:00,2019-10-10T18:00:00-00:00,ALL,2019-10-10,11,0,DAM,Caiso_Totals,Import,ISO_TOT_IMP_MW,2,4701,3
2019-10-10T15:00:00-00:00,2019-10-10T16:00:00-00:00,ALL,2019-10-10,9,0,DAM,Caiso_Totals,Import,ISO_TOT_IMP_MW,2,5005.16,3
2019-10-10T23:00:00-00:00,2019-10-11T00:00:00-00:00,ALL,2019-10-10,17,0,DAM,Caiso_Totals,Import,ISO_TOT_IMP_MW,2,5233.2,3
2019-10-11T00:00:00-00:00,2019-10-11T01:00:00-00:00,ALL,2019-10-10,18,0,DAM,Caiso_Totals,Import,ISO_TOT_IMP_MW,2,7909.6,3
2019-10-11T02:00:00-00:00,2019-10-11T03:00:00-00:00,ALL,2019-10-10,20,0,DAM,Caiso_Totals,Import,ISO_TOT_IMP_MW,2,8836.51,3
2019-10-11T03:00:00-00:00,2019-10-11T04:00:00-00:00,ALL,2019-10-10,21,0,DAM,Caiso_Totals,Import,ISO_TOT_IMP_MW,2,8771.8,3
2019-10-11T05:00:00-00:00,2019-10-11T06:00:00-00:00,ALL,2019-10-10,23,0,DAM,Caiso_Totals,Import,ISO_TOT_IMP_MW,2,6744.85,3
2019-10-11T06:00:00-00:00,2019-10-11T07:00:00-00:00,ALL,2019-10-10,24,0,DAM,Caiso_Totals,Import,ISO_TOT_IMP_MW,2,6339,3
2019-10-10T11:00:00-00:00,2019-10-10T12:00:00-00:00,ALL,2019-10-10,5,0,DAM,Caiso_Totals,Import,ISO_TOT_IMP_MW,2,5445,3
2019-10-10T20:00:00-00:00,2019-10-10T21:00:00-00:00,ALL,2019-10-10,14,0,DAM,Caiso_Totals,Import,ISO_TOT_IMP_MW,2,4685,3
2019-10-11T01:00:00-00:00,2019-10-11T02:00:00-00:00,ALL,2019-10-10,19,0,DAM,Caiso_Totals,Import,ISO_TOT_IMP_MW,2,9205,3
2019-10-10T08:00:00-00:00,2019-10-10T09:00:00-00:00,ALL,2019-10-10,2,0,DAM,Caiso_Totals,Import,ISO_TOT_IMP_MW,2,5424,3
2019-10-10T10:00:00-00:00,2019-10-10T11:00:00-00:00,ALL,2019-10-10,4,0,DAM,Caiso_Totals,Import,ISO_TOT_IMP_MW,2,5434,3
2019-10-10T19:00:00-00:00,2019-10-10T20:00:00-00:00,ALL,2019-10-10,13,0,DAM,Caiso_Totals,Import,ISO_TOT_IMP_MW,2,4736,3
2019-10-10T14:00:00-00:00,2019-10-10T15:00:00-00:00,ALL,2019-10-10,8,0,DAM,Caiso_Totals,Import,ISO_TOT_IMP_MW,2,7147,3
2019-10-10T22:00:00-00:00,2019-10-10T23:00:00-00:00,ALL,2019-10-10,16,0,DAM,Caiso_Totals,Import,ISO_TOT_IMP_MW,2,5080,3
2019-10-10T13:00:00-00:00,2019-10-10T14:00:00-00:00,ALL,2019-10-10,7,0,DAM,Caiso_Totals,Import,ISO_TOT_IMP_MW,2,7480.89,3
2019-10-10T18:00:00-00:00,2019-10-10T19:00:00-00:00,ALL,2019-10-10,12,0,DAM,Caiso_Totals,Import,ISO_TOT_IMP_MW,2,4614,3
2019-10-10T07:00:00-00:00,2019-10-10T08:00:00-00:00,ALL,2019-10-10,1,0,DAM,Caiso_Totals,Import,ISO_TOT_IMP_MW,2,5398,3
2019-10-10T12:00:00-00:00,2019-10-10T13:00:00-00:00,ALL,2019-10-10,6,0,DAM,Caiso_Totals,Import,ISO_TOT_IMP_MW,2,6154,3
2019-10-10T21:00:00-00:00,2019-10-10T22:00:00-00:00,ALL,2019-10-10,15,0,DAM,Caiso_Totals,Import,ISO_TOT_IMP_MW,2,5118.08,3
2019-10-11T03:00:00-00:00,2019-10-11T04:00:00-00:00,ALL,2019-10-10,21,0,DAM,Caiso_Totals,Load,ISO_TOT_LOAD_MW,4,28019.19,4
2019-10-11T02:00:00-00:00,2019-10-11T03:00:00-00:00,ALL,2019-10-10,20,0,DAM,Caiso_Totals,Load,ISO_TOT_LOAD_MW,4,28729.56,4
2019-10-11T06:00:00-00:00,2019-10-11T07:00:00-00:00,ALL,2019-10-10,24,0,DAM,Caiso_Totals,Load,ISO_TOT_LOAD_MW,4,22484,4
2019-10-10T11:00:00-00:00,2019-10-10T12:00:00-00:00,ALL,2019-10-10,5,0,DAM,Caiso_Totals,Load,ISO_TOT_LOAD_MW,4,19813.96,4
2019-10-10T20:00:00-00:00,2019-10-10T21:00:00-00:00,ALL,2019-10-10,14,0,DAM,Caiso_Totals,Load,ISO_TOT_LOAD_MW,4,25228.9,4
2019-10-11T01:00:00-00:00,2019-10-11T02:00:00-00:00,ALL,2019-10-10,19,0,DAM,Caiso_Totals,Load,ISO_TOT_LOAD_MW,4,28481.53,4
2019-10-10T08:00:00-00:00,2019-10-10T09:00:00-00:00,ALL,2019-10-10,2,0,DAM,Caiso_Totals,Load,ISO_TOT_LOAD_MW,4,20192.41,4
2019-10-10T10:00:00-00:00,2019-10-10T11:00:00-00:00,ALL,2019-10-10,4,0,DAM,Caiso_Totals,Load,ISO_TOT_LOAD_MW,4,19438.93,4
2019-10-10T19:00:00-00:00,2019-10-10T20:00:00-00:00,ALL,2019-10-10,13,0,DAM,Caiso_Totals,Load,ISO_TOT_LOAD_MW,4,24482.66,4
2019-10-10T14:00:00-00:00,2019-10-10T15:00:00-00:00,ALL,2019-10-10,8,0,DAM,Caiso_Totals,Load,ISO_TOT_LOAD_MW,4,24052.08,4
2019-10-10T22:00:00-00:00,2019-10-10T23:00:00-00:00,ALL,2019-10-10,16,0,DAM,Caiso_Totals,Load,ISO_TOT_LOAD_MW,4,26790.65,4
2019-10-10T13:00:00-00:00,2019-10-10T14:00:00-00:00,ALL,2019-10-10,7,0,DAM,Caiso_Totals,Load,ISO_TOT_LOAD_MW,4,23075.31,4
2019-10-10T18:00:00-00:00,2019-10-10T19:00:00-00:00,ALL,2019-10-10,12,0,DAM,Caiso_Totals,Load,ISO_TOT_LOAD_MW,4,24355.48,4
2019-10-10T07:00:00-00:00,2019-10-10T08:00:00-00:00,ALL,2019-10-10,1,0,DAM,Caiso_Totals,Load,ISO_TOT_LOAD_MW,4,21131.98,4
2019-10-10T12:00:00-00:00,2019-10-10T13:00:00-00:00,ALL,2019-10-10,6,0,DAM,Caiso_Totals,Load,ISO_TOT_LOAD_MW,4,21052.23,4
2019-10-10T21:00:00-00:00,2019-10-10T22:00:00-00:00,ALL,2019-10-10,15,0,DAM,Caiso_Totals,Load,ISO_TOT_LOAD_MW,4,25855.57,4
2019-10-11T04:00:00-00:00,2019-10-11T05:00:00-00:00,ALL,2019-10-10,22,0,DAM,Caiso_Totals,Load,ISO_TOT_LOAD_MW,4,26397.39,4
2019-10-10T09:00:00-00:00,2019-10-10T10:00:00-00:00,ALL,2019-10-10,3,0,DAM,Caiso_Totals,Load,ISO_TOT_LOAD_MW,4,19598.04,4
2019-10-10T16:00:00-00:00,2019-10-10T17:00:00-00:00,ALL,2019-10-10,10,0,DAM,Caiso_Totals,Load,ISO_TOT_LOAD_MW,4,24187.63,4
2019-10-10T17:00:00-00:00,2019-10-10T18:00:00-00:00,ALL,2019-10-10,11,0,DAM,Caiso_Totals,Load,ISO_TOT_LOAD_MW,4,24251.54,4
2019-10-10T15:00:00-00:00,2019-10-10T16:00:00-00:00,ALL,2019-10-10,9,0,DAM,Caiso_Totals,Load,ISO_TOT_LOAD_MW,4,24212.81,4
2019-10-10T23:00:00-00:00,2019-10-11T00:00:00-00:00,ALL,2019-10-10,17,0,DAM,Caiso_Totals,Load,ISO_TOT_LOAD_MW,4,27491.23,4
2019-10-11T00:00:00-00:00,2019-10-11T01:00:00-00:00,ALL,2019-10-10,18,0,DAM,Caiso_Totals,Load,ISO_TOT_LOAD_MW,4,28278.04,4
2019-10-11T05:00:00-00:00,2019-10-11T06:00:00-00:00,ALL,2019-10-10,23,0,DAM,Caiso_Totals,Load,ISO_TOT_LOAD_MW,4,24354.54,4
2019-10-10T07:00:00-00:00,2019-10-10T08:00:00-00:00,LOAD,2019-10-10,1,0,DAM,NONTAC,Load,TOT_LOAD_MW,8,0.64,5
2019-10-10T18:00:00-00:00,2019-10-10T19:00:00-00:00,LOAD,2019-10-10,12,0,DAM,NONTAC,Load,TOT_LOAD_MW,8,0,5
2019-10-10T16:00:00-00:00,2019-10-10T17:00:00-00:00,LOAD,2019-10-10,10,0,DAM,NONTAC,Load,TOT_LOAD_MW,8,0,5
2019-10-10T21:00:00-00:00,2019-10-10T22:00:00-00:00,LOAD,2019-10-10,15,0,DAM,NONTAC,Load,TOT_LOAD_MW,8,0,5
2019-10-11T01:00:00-00:00,2019-10-11T02:00:00-00:00,LOAD,2019-10-10,19,0,DAM,NONTAC,Load,TOT_LOAD_MW,8,0.58,5
2019-10-11T04:00:00-00:00,2019-10-11T05:00:00-00:00,LOAD,2019-10-10,22,0,DAM,NONTAC,Load,TOT_LOAD_MW,8,0.64,5
2019-10-10T09:00:00-00:00,2019-10-10T10:00:00-00:00,LOAD,2019-10-10,3,0,DAM,NONTAC,Load,TOT_LOAD_MW,8,0.64,5
2019-10-11T00:00:00-00:00,2019-10-11T01:00:00-00:00,LOAD,2019-10-10,18,0,DAM,NONTAC,Load,TOT_LOAD_MW,8,0,5
2019-10-10T15:00:00-00:00,2019-10-10T16:00:00-00:00,LOAD,2019-10-10,9,0,DAM,NONTAC,Load,TOT_LOAD_MW,8,0,5
2019-10-10T22:00:00-00:00,2019-10-10T23:00:00-00:00,LOAD,2019-10-10,16,0,DAM,NONTAC,Load,TOT_LOAD_MW,8,0,5
2019-10-10T08:00:00-00:00,2019-10-10T09:00:00-00:00,LOAD,2019-10-10,2,0,DAM,NONTAC,Load,TOT_LOAD_MW,8,0.64,5
2019-10-10T23:00:00-00:00,2019-10-11T00:00:00-00:00,LOAD,2019-10-10,17,0,DAM,NONTAC,Load,TOT_LOAD_MW,8,0,5
2019-10-11T05:00:00-00:00,2019-10-11T06:00:00-00:00,LOAD,2019-10-10,23,0,DAM,NONTAC,Load,TOT_LOAD_MW,8,0.65,5
2019-10-10T12:00:00-00:00,2019-10-10T13:00:00-00:00,LOAD,2019-10-10,6,0,DAM,NONTAC,Load,TOT_LOAD_MW,8,0.67,5
2019-10-10T14:00:00-00:00,2019-10-10T15:00:00-00:00,LOAD,2019-10-10,8,0,DAM,NONTAC,Load,TOT_LOAD_MW,8,0,5
2019-10-10T17:00:00-00:00,2019-10-10T18:00:00-00:00,LOAD,2019-10-10,11,0,DAM,NONTAC,Load,TOT_LOAD_MW,8,0,5
2019-10-10T19:00:00-00:00,2019-10-10T20:00:00-00:00,LOAD,2019-10-10,13,0,DAM,NONTAC,Load,TOT_LOAD_MW,8,0,5
2019-10-10T11:00:00-00:00,2019-10-10T12:00:00-00:00,LOAD,2019-10-10,5,0,DAM,NONTAC,Load,TOT_LOAD_MW,8,0.65,5
2019-10-10T13:00:00-00:00,2019-10-10T14:00:00-00:00,LOAD,2019-10-10,7,0,DAM,NONTAC,Load,TOT_LOAD_MW,8,0.44,5
2019-10-11T03:00:00-00:00,2019-10-11T04:00:00-00:00,LOAD,2019-10-10,21,0,DAM,NONTAC,Load,TOT_LOAD_MW,8,0.64,5
2019-10-10T20:00:00-00:00,2019-10-10T21:00:00-00:00,LOAD,2019-10-10,14,0,DAM,NONTAC,Load,TOT_LOAD_MW,8,0,5
2019-10-11T02:00:00-00:00,2019-10-11T03:00:00-00:00,LOAD,2019-10-10,20,0,DAM,NONTAC,Load,TOT_LOAD_MW,8,0.66,5
2019-10-11T06:00:00-00:00,2019-10-11T07:00:00-00:00,LOAD,2019-10-10,24,0,DAM,NONTAC,Load,TOT_LOAD_MW,8,0.65,5
2019-10-10T10:00:00-00:00,2019-10-10T11:00:00-00:00,LOAD,2019-10-10,4,0,DAM,NONTAC,Load,TOT_LOAD_MW,8,0.65,5
2019-10-10T07:00:00-00:00,2019-10-10T08:00:00-00:00,ETIE,2019-10-10,1,0,DAM,TAC_ECNTR,Export,TOT_EXP_MW,5,201,6
2019-10-10T17:00:00-00:00,2019-10-10T18:00:00-00:00,ETIE,2019-10-10,11,0,DAM,TAC_ECNTR,Export,TOT_EXP_MW,5,210,6
2019-10-11T05:00:00-00:00,2019-10-11T06:00:00-00:00,ETIE,2019-10-10,23,0,DAM,TAC_ECNTR,Export,TOT_EXP_MW,5,203,6
2019-10-11T03:00:00-00:00,2019-10-11T04:00:00-00:00,ETIE,2019-10-10,21,0,DAM,TAC_ECNTR,Export,TOT_EXP_MW,5,220,6
2019-10-10T19:00:00-00:00,2019-10-10T20:00:00-00:00,ETIE,2019-10-10,13,0,DAM,TAC_ECNTR,Export,TOT_EXP_MW,5,221,6
2019-10-10T15:00:00-00:00,2019-10-10T16:00:00-00:00,ETIE,2019-10-10,9,0,DAM,TAC_ECNTR,Export,TOT_EXP_MW,5,215,6
2019-10-10T13:00:00-00:00,2019-10-10T14:00:00-00:00,ETIE,2019-10-10,7,0,DAM,TAC_ECNTR,Export,TOT_EXP_MW,5,215,6
2019-10-10T09:00:00-00:00,2019-10-10T10:00:00-00:00,ETIE,2019-10-10,3,0,DAM,TAC_ECNTR,Export,TOT_EXP_MW,5,200,6
2019-10-11T01:00:00-00:00,2019-10-11T02:00:00-00:00,ETIE,2019-10-10,19,0,DAM,TAC_ECNTR,Export,TOT_EXP_MW,5,222,6
2019-10-10T18:00:00-00:00,2019-10-10T19:00:00-00:00,ETIE,2019-10-10,12,0,DAM,TAC_ECNTR,Export,TOT_EXP_MW,5,211,6
2019-10-10T16:00:00-00:00,2019-10-10T17:00:00-00:00,ETIE,2019-10-10,10,0,DAM,TAC_ECNTR,Export,TOT_EXP_MW,5,210,6
2019-10-11T02:00:00-00:00,2019-10-11T03:00:00-00:00,ETIE,2019-10-10,20,0,DAM,TAC_ECNTR,Export,TOT_EXP_MW,5,221,6
2019-10-11T04:00:00-00:00,2019-10-11T05:00:00-00:00,ETIE,2019-10-10,22,0,DAM,TAC_ECNTR,Export,TOT_EXP_MW,5,219,6
2019-10-10T11:00:00-00:00,2019-10-10T12:00:00-00:00,ETIE,2019-10-10,5,0,DAM,TAC_ECNTR,Export,TOT_EXP_MW,5,200,6
2019-10-10T23:00:00-00:00,2019-10-11T00:00:00-00:00,ETIE,2019-10-10,17,0,DAM,TAC_ECNTR,Export,TOT_EXP_MW,5,256,6
2019-10-10T12:00:00-00:00,2019-10-10T13:00:00-00:00,ETIE,2019-10-10,6,0,DAM,TAC_ECNTR,Export,TOT_EXP_MW,5,200,6
2019-10-10T10:00:00-00:00,2019-10-10T11:00:00-00:00,ETIE,2019-10-10,4,0,DAM,TAC_ECNTR,Export,TOT_EXP_MW,5,200,6
2019-10-10T20:00:00-00:00,2019-10-10T21:00:00-00:00,ETIE,2019-10-10,14,0,DAM,TAC_ECNTR,Export,TOT_EXP_MW,5,248,6
2019-10-10T08:00:00-00:00,2019-10-10T09:00:00-00:00,ETIE,2019-10-10,2,0,DAM,TAC_ECNTR,Export,TOT_EXP_MW,5,201,6
2019-10-11T00:00:00-00:00,2019-10-11T01:00:00-00:00,ETIE,2019-10-10,18,0,DAM,TAC_ECNTR,Export,TOT_EXP_MW,5,219,6
2019-10-10T22:00:00-00:00,2019-10-10T23:00:00-00:00,ETIE,2019-10-10,16,0,DAM,TAC_ECNTR,Export,TOT_EXP_MW,5,261,6
2019-10-10T21:00:00-00:00,2019-10-10T22:00:00-00:00,ETIE,2019-10-10,15,0,DAM,TAC_ECNTR,Export,TOT_EXP_MW,5,253,6
2019-10-10T14:00:00-00:00,2019-10-10T15:00:00-00:00,ETIE,2019-10-10,8,0,DAM,TAC_ECNTR,Export,TOT_EXP_MW,5,211,6
2019-10-11T06:00:00-00:00,2019-10-11T07:00:00-00:00,ETIE,2019-10-10,24,0,DAM,TAC_ECNTR,Export,TOT_EXP_MW,5,202,6
2019-10-10T17:00:00-00:00,2019-10-10T18:00:00-00:00,GEN,2019-10-10,11,0,DAM,TAC_ECNTR,Generation,TOT_GEN_MW,7,8194.17,7
2019-10-10T07:00:00-00:00,2019-10-10T08:00:00-00:00,GEN,2019-10-10,1,0,DAM,TAC_ECNTR,Generation,TOT_GEN_MW,7,4286.48,7
2019-10-11T06:00:00-00:00,2019-10-11T07:00:00-00:00,GEN,2019-10-10,24,0,DAM,TAC_ECNTR,Generation,TOT_GEN_MW,7,4311.49,7
2019-10-11T05:00:00-00:00,2019-10-11T06:00:00-00:00,GEN,2019-10-10,23,0,DAM,TAC_ECNTR,Generation,TOT_GEN_MW,7,4820.09,7
2019-10-11T03:00:00-00:00,2019-10-11T04:00:00-00:00,GEN,2019-10-10,21,0,DAM,TAC_ECNTR,Generation,TOT_GEN_MW,7,5490.9,7
2019-10-10T19:00:00-00:00,2019-10-10T20:00:00-00:00,GEN,2019-10-10,13,0,DAM,TAC_ECNTR,Generation,TOT_GEN_MW,7,8430.86,7
2019-10-10T15:00:00-00:00,2019-10-10T16:00:00-00:00,GEN,2019-10-10,9,0,DAM,TAC_ECNTR,Generation,TOT_GEN_MW,7,6963.74,7
2019-10-10T13:00:00-00:00,2019-10-10T14:00:00-00:00,GEN,2019-10-10,7,0,DAM,TAC_ECNTR,Generation,TOT_GEN_MW,7,3529.18,7
2019-10-10T09:00:00-00:00,2019-10-10T10:00:00-00:00,GEN,2019-10-10,3,0,DAM,TAC_ECNTR,Generation,TOT_GEN_MW,7,3319.58,7
2019-10-11T01:00:00-00:00,2019-10-11T02:00:00-00:00,GEN,2019-10-10,19,0,DAM,TAC_ECNTR,Generation,TOT_GEN_MW,7,6574.07,7
2019-10-10T18:00:00-00:00,2019-10-10T19:00:00-00:00,GEN,2019-10-10,12,0,DAM,TAC_ECNTR,Generation,TOT_GEN_MW,7,8279.04,7
2019-10-10T16:00:00-00:00,2019-10-10T17:00:00-00:00,GEN,2019-10-10,10,0,DAM,TAC_ECNTR,Generation,TOT_GEN_MW,7,7895.95,7
2019-10-11T02:00:00-00:00,2019-10-11T03:00:00-00:00,GEN,2019-10-10,20,0,DAM,TAC_ECNTR,Generation,TOT_GEN_MW,7,6312.58,7
2019-10-11T04:00:00-00:00,2019-10-11T05:00:00-00:00,GEN,2019-10-10,22,0,DAM,TAC_ECNTR,Generation,TOT_GEN_MW,7,4991.79,7
2019-10-10T11:00:00-00:00,2019-10-10T12:00:00-00:00,GEN,2019-10-10,5,0,DAM,TAC_ECNTR,Generation,TOT_GEN_MW,7,3444.38,7
2019-10-10T23:00:00-00:00,2019-10-11T00:00:00-00:00,GEN,2019-10-10,17,0,DAM,TAC_ECNTR,Generation,TOT_GEN_MW,7,8809.08,7
2019-10-10T12:00:00-00:00,2019-10-10T13:00:00-00:00,GEN,2019-10-10,6,0,DAM,TAC_ECNTR,Generation,TOT_GEN_MW,7,3499.47,7
2019-10-10T10:00:00-00:00,2019-10-10T11:00:00-00:00,GEN,2019-10-10,4,0,DAM,TAC_ECNTR,Generation,TOT_GEN_MW,7,3220.71,7
2019-10-10T20:00:00-00:00,2019-10-10T21:00:00-00:00,GEN,2019-10-10,14,0,DAM,TAC_ECNTR,Generation,TOT_GEN_MW,7,8569.83,7
2019-10-10T08:00:00-00:00,2019-10-10T09:00:00-00:00,GEN,2019-10-10,2,0,DAM,TAC_ECNTR,Generation,TOT_GEN_MW,7,3786.19,7
2019-10-11T00:00:00-00:00,2019-10-11T01:00:00-00:00,GEN,2019-10-10,18,0,DAM,TAC_ECNTR,Generation,TOT_GEN_MW,7,6699.94,7
2019-10-10T22:00:00-00:00,2019-10-10T23:00:00-00:00,GEN,2019-10-10,16,0,DAM,TAC_ECNTR,Generation,TOT_GEN_MW,7,8431.9,7
2019-10-10T14:00:00-00:00,2019-10-10T15:00:00-00:00,GEN,2019-10-10,8,0,DAM,TAC_ECNTR,Generation,TOT_GEN_MW,7,4534.39,7
2019-10-10T21:00:00-00:00,2019-10-10T22:00:00-00:00,GEN,2019-10-10,15,0,DAM,TAC_ECNTR,Generation,TOT_GEN_MW,7,8467.55,7
2019-10-10T14:00:00-00:00,2019-10-10T15:00:00-00:00,ITIE,2019-10-10,8,0,DAM,TAC_ECNTR,Import,TOT_IMP_MW,6,5431,8
2019-10-10T21:00:00-00:00,2019-10-10T22:00:00-00:00,ITIE,2019-10-10,15,0,DAM,TAC_ECNTR,Import,TOT_IMP_MW,6,4013,8
2019-10-10T22:00:00-00:00,2019-10-10T23:00:00-00:00,ITIE,2019-10-10,16,0,DAM,TAC_ECNTR,Import,TOT_IMP_MW,6,3703,8
2019-10-11T00:00:00-00:00,2019-10-11T01:00:00-00:00,ITIE,2019-10-10,18,0,DAM,TAC_ECNTR,Import,TOT_IMP_MW,6,5861.6,8
2019-10-10T08:00:00-00:00,2019-10-10T09:00:00-00:00,ITIE,2019-10-10,2,0,DAM,TAC_ECNTR,Import,TOT_IMP_MW,6,4458,8
2019-10-10T20:00:00-00:00,2019-10-10T21:00:00-00:00,ITIE,2019-10-10,14,0,DAM,TAC_ECNTR,Import,TOT_IMP_MW,6,3623,8
2019-10-10T10:00:00-00:00,2019-10-10T11:00:00-00:00,ITIE,2019-10-10,4,0,DAM,TAC_ECNTR,Import,TOT_IMP_MW,6,4468,8
2019-10-10T12:00:00-00:00,2019-10-10T13:00:00-00:00,ITIE,2019-10-10,6,0,DAM,TAC_ECNTR,Import,TOT_IMP_MW,6,4897,8
2019-10-10T23:00:00-00:00,2019-10-11T00:00:00-00:00,ITIE,2019-10-10,17,0,DAM,TAC_ECNTR,Import,TOT_IMP_MW,6,4043.2,8
2019-10-10T11:00:00-00:00,2019-10-10T12:00:00-00:00,ITIE,2019-10-10,5,0,DAM,TAC_ECNTR,Import,TOT_IMP_MW,6,4439,8
2019-10-11T04:00:00-00:00,2019-10-11T05:00:00-00:00,ITIE,2019-10-10,22,0,DAM,TAC_ECNTR,Import,TOT_IMP_MW,6,6157.4,8
2019-10-11T02:00:00-00:00,2019-10-11T03:00:00-00:00,ITIE,2019-10-10,20,0,DAM,TAC_ECNTR,Import,TOT_IMP_MW,6,6410.51,8
2019-10-10T16:00:00-00:00,2019-10-10T17:00:00-00:00,ITIE,2019-10-10,10,0,DAM,TAC_ECNTR,Import,TOT_IMP_MW,6,3599,8
2019-10-10T18:00:00-00:00,2019-10-10T19:00:00-00:00,ITIE,2019-10-10,12,0,DAM,TAC_ECNTR,Import,TOT_IMP_MW,6,3578,8
2019-10-11T01:00:00-00:00,2019-10-11T02:00:00-00:00,ITIE,2019-10-10,19,0,DAM,TAC_ECNTR,Import,TOT_IMP_MW,6,6703,8
2019-10-10T09:00:00-00:00,2019-10-10T10:00:00-00:00,ITIE,2019-10-10,3,0,DAM,TAC_ECNTR,Import,TOT_IMP_MW,6,4473,8
2019-10-10T13:00:00-00:00,2019-10-10T14:00:00-00:00,ITIE,2019-10-10,7,0,DAM,TAC_ECNTR,Import,TOT_IMP_MW,6,5722.89,8
2019-10-10T15:00:00-00:00,2019-10-10T16:00:00-00:00,ITIE,2019-10-10,9,0,DAM,TAC_ECNTR,Import,TOT_IMP_MW,6,3827,8
2019-10-10T19:00:00-00:00,2019-10-10T20:00:00-00:00,ITIE,2019-10-10,13,0,DAM,TAC_ECNTR,Import,TOT_IMP_MW,6,3601,8
2019-10-11T03:00:00-00:00,2019-10-11T04:00:00-00:00,ITIE,2019-10-10,21,0,DAM,TAC_ECNTR,Import,TOT_IMP_MW,6,6458.8,8
2019-10-11T05:00:00-00:00,2019-10-11T06:00:00-00:00,ITIE,2019-10-10,23,0,DAM,TAC_ECNTR,Import,TOT_IMP_MW,6,5321.85,8
2019-10-11T06:00:00-00:00,2019-10-11T07:00:00-00:00,ITIE,2019-10-10,24,0,DAM,TAC_ECNTR,Import,TOT_IMP_MW,6,5069,8
2019-10-10T07:00:00-00:00,2019-10-10T08:00:00-00:00,ITIE,2019-10-10,1,0,DAM,TAC_ECNTR,Import,TOT_IMP_MW,6,4385,8
2019-10-10T17:00:00-00:00,2019-10-10T18:00:00-00:00,ITIE,2019-10-10,11,0,DAM,TAC_ECNTR,Import,TOT_IMP_MW,6,3574,8
2019-10-10T14:00:00-00:00,2019-10-10T15:00:00-00:00,LOAD,2019-10-10,8,0,DAM,TAC_ECNTR,Load,TOT_LOAD_MW,8,11158.61,9
2019-10-10T17:00:00-00:00,2019-10-10T18:00:00-00:00,LOAD,2019-10-10,11,0,DAM,TAC_ECNTR,Load,TOT_LOAD_MW,8,11837.21,9
2019-10-10T22:00:00-00:00,2019-10-10T23:00:00-00:00,LOAD,2019-10-10,16,0,DAM,TAC_ECNTR,Load,TOT_LOAD_MW,8,13370.23,9
2019-10-11T00:00:00-00:00,2019-10-11T01:00:00-00:00,LOAD,2019-10-10,18,0,DAM,TAC_ECNTR,Load,TOT_LOAD_MW,8,13566.45,9
2019-10-10T08:00:00-00:00,2019-10-10T09:00:00-00:00,LOAD,2019-10-10,2,0,DAM,TAC_ECNTR,Load,TOT_LOAD_MW,8,9459.5,9
2019-10-10T20:00:00-00:00,2019-10-10T21:00:00-00:00,LOAD,2019-10-10,14,0,DAM,TAC_ECNTR,Load,TOT_LOAD_MW,8,12678.03,9
2019-10-10T10:00:00-00:00,2019-10-10T11:00:00-00:00,LOAD,2019-10-10,4,0,DAM,TAC_ECNTR,Load,TOT_LOAD_MW,8,9113.18,9
2019-10-10T12:00:00-00:00,2019-10-10T13:00:00-00:00,LOAD,2019-10-10,6,0,DAM,TAC_ECNTR,Load,TOT_LOAD_MW,8,9899.46,9
2019-10-10T23:00:00-00:00,2019-10-11T00:00:00-00:00,LOAD,2019-10-10,17,0,DAM,TAC_ECNTR,Load,TOT_LOAD_MW,8,13560.48,9
2019-10-10T11:00:00-00:00,2019-10-10T12:00:00-00:00,LOAD,2019-10-10,5,0,DAM,TAC_ECNTR,Load,TOT_LOAD_MW,8,9302.15,9
2019-10-11T04:00:00-00:00,2019-10-11T05:00:00-00:00,LOAD,2019-10-10,22,0,DAM,TAC_ECNTR,Load,TOT_LOAD_MW,8,12450.63,9
2019-10-11T02:00:00-00:00,2019-10-11T03:00:00-00:00,LOAD,2019-10-10,20,0,DAM,TAC_ECNTR,Load,TOT_LOAD_MW,8,13521.74,9
2019-10-10T16:00:00-00:00,2019-10-10T17:00:00-00:00,LOAD,2019-10-10,10,0,DAM,TAC_ECNTR,Load,TOT_LOAD_MW,8,11610.9,9
2019-10-10T18:00:00-00:00,2019-10-10T19:00:00-00:00,LOAD,2019-10-10,12,0,DAM,TAC_ECNTR,Load,TOT_LOAD_MW,8,11976.78,9
2019-10-11T01:00:00-00:00,2019-10-11T02:00:00-00:00,LOAD,2019-10-10,19,0,DAM,TAC_ECNTR,Load,TOT_LOAD_MW,8,13483.75,9
2019-10-10T09:00:00-00:00,2019-10-10T10:00:00-00:00,LOAD,2019-10-10,3,0,DAM,TAC_ECNTR,Load,TOT_LOAD_MW,8,9156.91,9
2019-10-10T13:00:00-00:00,2019-10-10T14:00:00-00:00,LOAD,2019-10-10,7,0,DAM,TAC_ECNTR,Load,TOT_LOAD_MW,8,10819.76,9
2019-10-10T15:00:00-00:00,2019-10-10T16:00:00-00:00,LOAD,2019-10-10,9,0,DAM,TAC_ECNTR,Load,TOT_LOAD_MW,8,11357.71,9
2019-10-10T19:00:00-00:00,2019-10-10T20:00:00-00:00,LOAD,2019-10-10,13,0,DAM,TAC_ECNTR,Load,TOT_LOAD_MW,8,12176.71,9
2019-10-11T03:00:00-00:00,2019-10-11T04:00:00-00:00,LOAD,2019-10-10,21,0,DAM,TAC_ECNTR,Load,TOT_LOAD_MW,8,13154.13,9
2019-10-11T05:00:00-00:00,2019-10-11T06:00:00-00:00,LOAD,2019-10-10,23,0,DAM,TAC_ECNTR,Load,TOT_LOAD_MW,8,11459.45,9
2019-10-11T06:00:00-00:00,2019-10-11T07:00:00-00:00,LOAD,2019-10-10,24,0,DAM,TAC_ECNTR,Load,TOT_LOAD_MW,8,10574.22,9
2019-10-10T07:00:00-00:00,2019-10-10T08:00:00-00:00,LOAD,2019-10-10,1,0,DAM,TAC_ECNTR,Load,TOT_LOAD_MW,8,9888.39,9
2019-10-10T21:00:00-00:00,2019-10-10T22:00:00-00:00,LOAD,2019-10-10,15,0,DAM,TAC_ECNTR,Load,TOT_LOAD_MW,8,13005.52,9
2019-10-11T05:00:00-00:00,2019-10-11T06:00:00-00:00,GEN,2019-10-10,23,0,DAM,TAC_NCNTR,Generation,TOT_GEN_MW,7,0,10
2019-10-10T22:00:00-00:00,2019-10-10T23:00:00-00:00,GEN,2019-10-10,16,0,DAM,TAC_NCNTR,Generation,TOT_GEN_MW,7,10.88,10
2019-10-11T03:00:00-00:00,2019-10-11T04:00:00-00:00,GEN,2019-10-10,21,0,DAM,TAC_NCNTR,Generation,TOT_GEN_MW,7,0,10
2019-10-10T07:00:00-00:00,2019-10-10T08:00:00-00:00,GEN,2019-10-10,1,0,DAM,TAC_NCNTR,Generation,TOT_GEN_MW,7,0,10
2019-10-10T11:00:00-00:00,2019-10-10T12:00:00-00:00,GEN,2019-10-10,5,0,DAM,TAC_NCNTR,Generation,TOT_GEN_MW,7,0,10
2019-10-10T13:00:00-00:00,2019-10-10T14:00:00-00:00,GEN,2019-10-10,7,0,DAM,TAC_NCNTR,Generation,TOT_GEN_MW,7,0,10
2019-10-11T00:00:00-00:00,2019-10-11T01:00:00-00:00,GEN,2019-10-10,18,0,DAM,TAC_NCNTR,Generation,TOT_GEN_MW,7,2.47,10
2019-10-10T15:00:00-00:00,2019-10-10T16:00:00-00:00,GEN,2019-10-10,9,0,DAM,TAC_NCNTR,Generation,TOT_GEN_MW,7,6.19,10
2019-10-10T17:00:00-00:00,2019-10-10T18:00:00-00:00,GEN,2019-10-10,11,0,DAM,TAC_NCNTR,Generation,TOT_GEN_MW,7,12.51,10
2019-10-10T20:00:00-00:00,2019-10-10T21:00:00-00:00,GEN,2019-10-10,14,0,DAM,TAC_NCNTR,Generation,TOT_GEN_MW,7,14.24,10
2019-10-10T12:00:00-00:00,2019-10-10T13:00:00-00:00,GEN,2019-10-10,6,0,DAM,TAC_NCNTR,Generation,TOT_GEN_MW,7,0,10
2019-10-10T23:00:00-00:00,2019-10-11T00:00:00-00:00,GEN,2019-10-10,17,0,DAM,TAC_NCNTR,Generation,TOT_GEN_MW,7,7.17,10
2019-10-11T02:00:00-00:00,2019-10-11T03:00:00-00:00,GEN,2019-10-10,20,0,DAM,TAC_NCNTR,Generation,TOT_GEN_MW,7,0,10
2019-10-11T06:00:00-00:00,2019-10-11T07:00:00-00:00,GEN,2019-10-10,24,0,DAM,TAC_NCNTR,Generation,TOT_GEN_MW,7,0,10
2019-10-10T08:00:00-00:00,2019-10-10T09:00:00-00:00,GEN,2019-10-10,2,0,DAM,TAC_NCNTR,Generation,TOT_GEN_MW,7,0,10
2019-10-10T14:00:00-00:00,2019-10-10T15:00:00-00:00,GEN,2019-10-10,8,0,DAM,TAC_NCNTR,Generation,TOT_GEN_MW,7,1.52,10
2019-10-10T21:00:00-00:00,2019-10-10T22:00:00-00:00,GEN,2019-10-10,15,0,DAM,TAC_NCNTR,Generation,TOT_GEN_MW,7,13.3,10
2019-10-11T04:00:00-00:00,2019-10-11T05:00:00-00:00,GEN,2019-10-10,22,0,DAM,TAC_NCNTR,Generation,TOT_GEN_MW,7,0,10
2019-10-10T10:00:00-00:00,2019-10-10T11:00:00-00:00,GEN,2019-10-10,4,0,DAM,TAC_NCNTR,Generation,TOT_GEN_MW,7,0,10
2019-10-11T01:00:00-00:00,2019-10-11T02:00:00-00:00,GEN,2019-10-10,19,0,DAM,TAC_NCNTR,Generation,TOT_GEN_MW,7,0.13,10
2019-10-10T09:00:00-00:00,2019-10-10T10:00:00-00:00,GEN,2019-10-10,3,0,DAM,TAC_NCNTR,Generation,TOT_GEN_MW,7,0,10
2019-10-10T18:00:00-00:00,2019-10-10T19:00:00-00:00,GEN,2019-10-10,12,0,DAM,TAC_NCNTR,Generation,TOT_GEN_MW,7,13.93,10
2019-10-10T19:00:00-00:00,2019-10-10T20:00:00-00:00,GEN,2019-10-10,13,0,DAM,TAC_NCNTR,Generation,TOT_GEN_MW,7,14.24,10
2019-10-10T16:00:00-00:00,2019-10-10T17:00:00-00:00,GEN,2019-10-10,10,0,DAM,TAC_NCNTR,Generation,TOT_GEN_MW,7,10.08,10
2019-10-10T17:00:00-00:00,2019-10-10T18:00:00-00:00,ITIE,2019-10-10,11,0,DAM,TAC_NCNTR,Import,TOT_IMP_MW,6,46,11
2019-10-10T20:00:00-00:00,2019-10-10T21:00:00-00:00,ITIE,2019-10-10,14,0,DAM,TAC_NCNTR,Import,TOT_IMP_MW,6,47,11
2019-10-10T12:00:00-00:00,2019-10-10T13:00:00-00:00,ITIE,2019-10-10,6,0,DAM,TAC_NCNTR,Import,TOT_IMP_MW,6,48,11
2019-10-10T23:00:00-00:00,2019-10-11T00:00:00-00:00,ITIE,2019-10-10,17,0,DAM,TAC_NCNTR,Import,TOT_IMP_MW,6,47,11
2019-10-11T02:00:00-00:00,2019-10-11T03:00:00-00:00,ITIE,2019-10-10,20,0,DAM,TAC_NCNTR,Import,TOT_IMP_MW,6,69,11
2019-10-11T06:00:00-00:00,2019-10-11T07:00:00-00:00,ITIE,2019-10-10,24,0,DAM,TAC_NCNTR,Import,TOT_IMP_MW,6,42,11
2019-10-10T08:00:00-00:00,2019-10-10T09:00:00-00:00,ITIE,2019-10-10,2,0,DAM,TAC_NCNTR,Import,TOT_IMP_MW,6,39,11
2019-10-10T14:00:00-00:00,2019-10-10T15:00:00-00:00,ITIE,2019-10-10,8,0,DAM,TAC_NCNTR,Import,TOT_IMP_MW,6,68,11
2019-10-10T21:00:00-00:00,2019-10-10T22:00:00-00:00,ITIE,2019-10-10,15,0,DAM,TAC_NCNTR,Import,TOT_IMP_MW,6,47,11
2019-10-11T04:00:00-00:00,2019-10-11T05:00:00-00:00,ITIE,2019-10-10,22,0,DAM,TAC_NCNTR,Import,TOT_IMP_MW,6,67,11
2019-10-10T10:00:00-00:00,2019-10-10T11:00:00-00:00,ITIE,2019-10-10,4,0,DAM,TAC_NCNTR,Import,TOT_IMP_MW,6,40,11
2019-10-11T01:00:00-00:00,2019-10-11T02:00:00-00:00,ITIE,2019-10-10,19,0,DAM,TAC_NCNTR,Import,TOT_IMP_MW,6,69,11
2019-10-10T09:00:00-00:00,2019-10-10T10:00:00-00:00,ITIE,2019-10-10,3,0,DAM,TAC_NCNTR,Import,TOT_IMP_MW,6,39,11
2019-10-10T18:00:00-00:00,2019-10-10T19:00:00-00:00,ITIE,2019-10-10,12,0,DAM,TAC_NCNTR,Import,TOT_IMP_MW,6,46,11
2019-10-10T19:00:00-00:00,2019-10-10T20:00:00-00:00,ITIE,2019-10-10,13,0,DAM,TAC_NCNTR,Import,TOT_IMP_MW,6,46,11
2019-10-10T22:00:00-00:00,2019-10-10T23:00:00-00:00,ITIE,2019-10-10,16,0,DAM,TAC_NCNTR,Import,TOT_IMP_MW,6,47,11
2019-10-11T05:00:00-00:00,2019-10-11T06:00:00-00:00,ITIE,2019-10-10,23,0,DAM,TAC_NCNTR,Import,TOT_IMP_MW,6,46,11
2019-10-10T16:00:00-00:00,2019-10-10T17:00:00-00:00,ITIE,2019-10-10,10,0,DAM,TAC_NCNTR,Import,TOT_IMP_MW,6,46,11
2019-10-11T03:00:00-00:00,2019-10-11T04:00:00-00:00,ITIE,2019-10-10,21,0,DAM,TAC_NCNTR,Import,TOT_IMP_MW,6,68,11
2019-10-10T07:00:00-00:00,2019-10-10T08:00:00-00:00,ITIE,2019-10-10,1,0,DAM,TAC_NCNTR,Import,TOT_IMP_MW,6,40,11
2019-10-10T11:00:00-00:00,2019-10-10T12:00:00-00:00,ITIE,2019-10-10,5,0,DAM,TAC_NCNTR,Import,TOT_IMP_MW,6,42,11
2019-10-10T13:00:00-00:00,2019-10-10T14:00:00-00:00,ITIE,2019-10-10,7,0,DAM,TAC_NCNTR,Import,TOT_IMP_MW,6,68,11
2019-10-11T00:00:00-00:00,2019-10-11T01:00:00-00:00,ITIE,2019-10-10,18,0,DAM,TAC_NCNTR,Import,TOT_IMP_MW,6,60,11
2019-10-10T15:00:00-00:00,2019-10-10T16:00:00-00:00,ITIE,2019-10-10,9,0,DAM,TAC_NCNTR,Import,TOT_IMP_MW,6,46,11
2019-10-10T08:00:00-00:00,2019-10-10T09:00:00-00:00,LOAD,2019-10-10,2,0,DAM,TAC_NCNTR,Load,TOT_LOAD_MW,8,39.7,12
2019-10-11T06:00:00-00:00,2019-10-11T07:00:00-00:00,LOAD,2019-10-10,24,0,DAM,TAC_NCNTR,Load,TOT_LOAD_MW,8,42.14,12
2019-10-10T21:00:00-00:00,2019-10-10T22:00:00-00:00,LOAD,2019-10-10,15,0,DAM,TAC_NCNTR,Load,TOT_LOAD_MW,8,56.42,12
2019-10-11T04:00:00-00:00,2019-10-11T05:00:00-00:00,LOAD,2019-10-10,22,0,DAM,TAC_NCNTR,Load,TOT_LOAD_MW,8,50.33,12
2019-10-10T10:00:00-00:00,2019-10-10T11:00:00-00:00,LOAD,2019-10-10,4,0,DAM,TAC_NCNTR,Load,TOT_LOAD_MW,8,40.73,12
2019-10-11T01:00:00-00:00,2019-10-11T02:00:00-00:00,LOAD,2019-10-10,19,0,DAM,TAC_NCNTR,Load,TOT_LOAD_MW,8,58.85,12
2019-10-10T09:00:00-00:00,2019-10-10T10:00:00-00:00,LOAD,2019-10-10,3,0,DAM,TAC_NCNTR,Load,TOT_LOAD_MW,8,39.75,12
2019-10-10T18:00:00-00:00,2019-10-10T19:00:00-00:00,LOAD,2019-10-10,12,0,DAM,TAC_NCNTR,Load,TOT_LOAD_MW,8,51.72,12
2019-10-10T19:00:00-00:00,2019-10-10T20:00:00-00:00,LOAD,2019-10-10,13,0,DAM,TAC_NCNTR,Load,TOT_LOAD_MW,8,53.1,12
2019-10-10T22:00:00-00:00,2019-10-10T23:00:00-00:00,LOAD,2019-10-10,16,0,DAM,TAC_NCNTR,Load,TOT_LOAD_MW,8,57.04,12
2019-10-11T05:00:00-00:00,2019-10-11T06:00:00-00:00,LOAD,2019-10-10,23,0,DAM,TAC_NCNTR,Load,TOT_LOAD_MW,8,45.83,12
2019-10-10T16:00:00-00:00,2019-10-10T17:00:00-00:00,LOAD,2019-10-10,10,0,DAM,TAC_NCNTR,Load,TOT_LOAD_MW,8,52.42,12
2019-10-11T03:00:00-00:00,2019-10-11T04:00:00-00:00,LOAD,2019-10-10,21,0,DAM,TAC_NCNTR,Load,TOT_LOAD_MW,8,54.11,12
2019-10-10T07:00:00-00:00,2019-10-10T08:00:00-00:00,LOAD,2019-10-10,1,0,DAM,TAC_NCNTR,Load,TOT_LOAD_MW,8,40.47,12
2019-10-10T11:00:00-00:00,2019-10-10T12:00:00-00:00,LOAD,2019-10-10,5,0,DAM,TAC_NCNTR,Load,TOT_LOAD_MW,8,43.49,12
2019-10-10T13:00:00-00:00,2019-10-10T14:00:00-00:00,LOAD,2019-10-10,7,0,DAM,TAC_NCNTR,Load,TOT_LOAD_MW,8,53.15,12
2019-10-11T00:00:00-00:00,2019-10-11T01:00:00-00:00,LOAD,2019-10-10,18,0,DAM,TAC_NCNTR,Load,TOT_LOAD_MW,8,58.21,12
2019-10-10T15:00:00-00:00,2019-10-10T16:00:00-00:00,LOAD,2019-10-10,9,0,DAM,TAC_NCNTR,Load,TOT_LOAD_MW,8,53.82,12
2019-10-10T17:00:00-00:00,2019-10-10T18:00:00-00:00,LOAD,2019-10-10,11,0,DAM,TAC_NCNTR,Load,TOT_LOAD_MW,8,51.86,12
2019-10-10T20:00:00-00:00,2019-10-10T21:00:00-00:00,LOAD,2019-10-10,14,0,DAM,TAC_NCNTR,Load,TOT_LOAD_MW,8,55.25,12
2019-10-10T12:00:00-00:00,2019-10-10T13:00:00-00:00,LOAD,2019-10-10,6,0,DAM,TAC_NCNTR,Load,TOT_LOAD_MW,8,47.38,12
2019-10-10T23:00:00-00:00,2019-10-11T00:00:00-00:00,LOAD,2019-10-10,17,0,DAM,TAC_NCNTR,Load,TOT_LOAD_MW,8,58.1,12
2019-10-11T02:00:00-00:00,2019-10-11T03:00:00-00:00,LOAD,2019-10-10,20,0,DAM,TAC_NCNTR,Load,TOT_LOAD_MW,8,56.91,12
2019-10-10T14:00:00-00:00,2019-10-10T15:00:00-00:00,LOAD,2019-10-10,8,0,DAM,TAC_NCNTR,Load,TOT_LOAD_MW,8,55.28,12
2019-10-10T07:00:00-00:00,2019-10-10T08:00:00-00:00,ETIE,2019-10-10,1,0,DAM,TAC_NORTH,Export,TOT_EXP_MW,5,436,13
2019-10-10T09:00:00-00:00,2019-10-10T10:00:00-00:00,ETIE,2019-10-10,3,0,DAM,TAC_NORTH,Export,TOT_EXP_MW,5,426,13
2019-10-11T03:00:00-00:00,2019-10-11T04:00:00-00:00,ETIE,2019-10-10,21,0,DAM,TAC_NORTH,Export,TOT_EXP_MW,5,658,13
2019-10-11T04:00:00-00:00,2019-10-11T05:00:00-00:00,ETIE,2019-10-10,22,0,DAM,TAC_NORTH,Export,TOT_EXP_MW,5,474,13
2019-10-11T02:00:00-00:00,2019-10-11T03:00:00-00:00,ETIE,2019-10-10,20,0,DAM,TAC_NORTH,Export,TOT_EXP_MW,5,768,13
2019-10-11T01:00:00-00:00,2019-10-11T02:00:00-00:00,ETIE,2019-10-10,19,0,DAM,TAC_NORTH,Export,TOT_EXP_MW,5,738,13
2019-10-10T16:00:00-00:00,2019-10-10T17:00:00-00:00,ETIE,2019-10-10,10,0,DAM,TAC_NORTH,Export,TOT_EXP_MW,5,534,13
2019-10-10T12:00:00-00:00,2019-10-10T13:00:00-00:00,ETIE,2019-10-10,6,0,DAM,TAC_NORTH,Export,TOT_EXP_MW,5,364,13
2019-10-10T21:00:00-00:00,2019-10-10T22:00:00-00:00,ETIE,2019-10-10,15,0,DAM,TAC_NORTH,Export,TOT_EXP_MW,5,382.08,13
2019-10-10T11:00:00-00:00,2019-10-10T12:00:00-00:00,ETIE,2019-10-10,5,0,DAM,TAC_NORTH,Export,TOT_EXP_MW,5,426,13
2019-10-11T06:00:00-00:00,2019-10-11T07:00:00-00:00,ETIE,2019-10-10,24,0,DAM,TAC_NORTH,Export,TOT_EXP_MW,5,544,13
2019-10-10T20:00:00-00:00,2019-10-10T21:00:00-00:00,ETIE,2019-10-10,14,0,DAM,TAC_NORTH,Export,TOT_EXP_MW,5,344,13
2019-10-10T08:00:00-00:00,2019-10-10T09:00:00-00:00,ETIE,2019-10-10,2,0,DAM,TAC_NORTH,Export,TOT_EXP_MW,5,431,13
2019-10-10T23:00:00-00:00,2019-10-11T00:00:00-00:00,ETIE,2019-10-10,17,0,DAM,TAC_NORTH,Export,TOT_EXP_MW,5,339,13
2019-10-10T15:00:00-00:00,2019-10-10T16:00:00-00:00,ETIE,2019-10-10,9,0,DAM,TAC_NORTH,Export,TOT_EXP_MW,5,614.16,13
2019-10-10T14:00:00-00:00,2019-10-10T15:00:00-00:00,ETIE,2019-10-10,8,0,DAM,TAC_NORTH,Export,TOT_EXP_MW,5,589,13
2019-10-10T13:00:00-00:00,2019-10-10T14:00:00-00:00,ETIE,2019-10-10,7,0,DAM,TAC_NORTH,Export,TOT_EXP_MW,5,339,13
2019-10-11T00:00:00-00:00,2019-10-11T01:00:00-00:00,ETIE,2019-10-10,18,0,DAM,TAC_NORTH,Export,TOT_EXP_MW,5,723,13
2019-10-10T18:00:00-00:00,2019-10-10T19:00:00-00:00,ETIE,2019-10-10,12,0,DAM,TAC_NORTH,Export,TOT_EXP_MW,5,439,13
2019-10-10T17:00:00-00:00,2019-10-10T18:00:00-00:00,ETIE,2019-10-10,11,0,DAM,TAC_NORTH,Export,TOT_EXP_MW,5,539,13
2019-10-10T22:00:00-00:00,2019-10-10T23:00:00-00:00,ETIE,2019-10-10,16,0,DAM,TAC_NORTH,Export,TOT_EXP_MW,5,554,13
2019-10-10T19:00:00-00:00,2019-10-10T20:00:00-00:00,ETIE,2019-10-10,13,0,DAM,TAC_NORTH,Export,TOT_EXP_MW,5,539,13
2019-10-10T10:00:00-00:00,2019-10-10T11:00:00-00:00,ETIE,2019-10-10,4,0,DAM,TAC_NORTH,Export,TOT_EXP_MW,5,421,13
2019-10-11T05:00:00-00:00,2019-10-11T06:00:00-00:00,ETIE,2019-10-10,23,0,DAM,TAC_NORTH,Export,TOT_EXP_MW,5,549,13
2019-10-10T18:00:00-00:00,2019-10-10T19:00:00-00:00,GEN,2019-10-10,12,0,DAM,TAC_NORTH,Generation,TOT_GEN_MW,7,9457.42,14
2019-10-10T17:00:00-00:00,2019-10-10T18:00:00-00:00,GEN,2019-10-10,11,0,DAM,TAC_NORTH,Generation,TOT_GEN_MW,7,9595.19,14
2019-10-10T22:00:00-00:00,2019-10-10T23:00:00-00:00,GEN,2019-10-10,16,0,DAM,TAC_NORTH,Generation,TOT_GEN_MW,7,10507,14
2019-10-10T19:00:00-00:00,2019-10-10T20:00:00-00:00,GEN,2019-10-10,13,0,DAM,TAC_NORTH,Generation,TOT_GEN_MW,7,9329.45,14
2019-10-10T10:00:00-00:00,2019-10-10T11:00:00-00:00,GEN,2019-10-10,4,0,DAM,TAC_NORTH,Generation,TOT_GEN_MW,7,9253.42,14
2019-10-10T09:00:00-00:00,2019-10-10T10:00:00-00:00,GEN,2019-10-10,3,0,DAM,TAC_NORTH,Generation,TOT_GEN_MW,7,9188.16,14
2019-10-10T07:00:00-00:00,2019-10-10T08:00:00-00:00,GEN,2019-10-10,1,0,DAM,TAC_NORTH,Generation,TOT_GEN_MW,7,9510.82,14
2019-10-11T05:00:00-00:00,2019-10-11T06:00:00-00:00,GEN,2019-10-10,23,0,DAM,TAC_NORTH,Generation,TOT_GEN_MW,7,11678.84,14
2019-10-11T03:00:00-00:00,2019-10-11T04:00:00-00:00,GEN,2019-10-10,21,0,DAM,TAC_NORTH,Generation,TOT_GEN_MW,7,12770.69,14
2019-10-11T04:00:00-00:00,2019-10-11T05:00:00-00:00,GEN,2019-10-10,22,0,DAM,TAC_NORTH,Generation,TOT_GEN_MW,7,12400.96,14
2019-10-11T02:00:00-00:00,2019-10-11T03:00:00-00:00,GEN,2019-10-10,20,0,DAM,TAC_NORTH,Generation,TOT_GEN_MW,7,13299.53,14
2019-10-11T01:00:00-00:00,2019-10-11T02:00:00-00:00,GEN,2019-10-10,19,0,DAM,TAC_NORTH,Generation,TOT_GEN_MW,7,13241.64,14
2019-10-10T16:00:00-00:00,2019-10-10T17:00:00-00:00,GEN,2019-10-10,10,0,DAM,TAC_NORTH,Generation,TOT_GEN_MW,7,9450.12,14
2019-10-10T12:00:00-00:00,2019-10-10T13:00:00-00:00,GEN,2019-10-10,6,0,DAM,TAC_NORTH,Generation,TOT_GEN_MW,7,10353.45,14
2019-10-10T21:00:00-00:00,2019-10-10T22:00:00-00:00,GEN,2019-10-10,15,0,DAM,TAC_NORTH,Generation,TOT_GEN_MW,7,9636.86,14
2019-10-10T11:00:00-00:00,2019-10-10T12:00:00-00:00,GEN,2019-10-10,5,0,DAM,TAC_NORTH,Generation,TOT_GEN_MW,7,9770.32,14
2019-10-11T06:00:00-00:00,2019-10-11T07:00:00-00:00,GEN,2019-10-10,24,0,DAM,TAC_NORTH,Generation,TOT_GEN_MW,7,10461.71,14
2019-10-10T20:00:00-00:00,2019-10-10T21:00:00-00:00,GEN,2019-10-10,14,0,DAM,TAC_NORTH,Generation,TOT_GEN_MW,7,9370.67,14
2019-10-10T08:00:00-00:00,2019-10-10T09:00:00-00:00,GEN,2019-10-10,2,0,DAM,TAC_NORTH,Generation,TOT_GEN_MW,7,9344.79,14
2019-10-10T23:00:00-00:00,2019-10-11T00:00:00-00:00,GEN,2019-10-10,17,0,DAM,TAC_NORTH,Generation,TOT_GEN_MW,7,11217.39,14
2019-10-10T15:00:00-00:00,2019-10-10T16:00:00-00:00,GEN,2019-10-10,9,0,DAM,TAC_NORTH,Generation,TOT_GEN_MW,7,10287.55,14
2019-10-11T00:00:00-00:00,2019-10-11T01:00:00-00:00,GEN,2019-10-10,18,0,DAM,TAC_NORTH,Generation,TOT_GEN_MW,7,12903.63,14
2019-10-10T13:00:00-00:00,2019-10-10T14:00:00-00:00,GEN,2019-10-10,7,0,DAM,TAC_NORTH,Generation,TOT_GEN_MW,7,11141.9,14
2019-10-10T14:00:00-00:00,2019-10-10T15:00:00-00:00,GEN,2019-10-10,8,0,DAM,TAC_NORTH,Generation,TOT_GEN_MW,7,11069.54,14
2019-10-11T02:00:00-00:00,2019-10-11T03:00:00-00:00,ITIE,2019-10-10,20,0,DAM,TAC_NORTH,Import,TOT_IMP_MW,6,2355,15
2019-10-11T04:00:00-00:00,2019-10-11T05:00:00-00:00,ITIE,2019-10-10,22,0,DAM,TAC_NORTH,Import,TOT_IMP_MW,6,1508,15
2019-10-11T03:00:00-00:00,2019-10-11T04:00:00-00:00,ITIE,2019-10-10,21,0,DAM,TAC_NORTH,Import,TOT_IMP_MW,6,2243,15
2019-10-11T05:00:00-00:00,2019-10-11T06:00:00-00:00,ITIE,2019-10-10,23,0,DAM,TAC_NORTH,Import,TOT_IMP_MW,6,1375,15
2019-10-10T07:00:00-00:00,2019-10-10T08:00:00-00:00,ITIE,2019-10-10,1,0,DAM,TAC_NORTH,Import,TOT_IMP_MW,6,971,15
2019-10-10T09:00:00-00:00,2019-10-10T10:00:00-00:00,ITIE,2019-10-10,3,0,DAM,TAC_NORTH,Import,TOT_IMP_MW,6,965,15
2019-10-10T10:00:00-00:00,2019-10-10T11:00:00-00:00,ITIE,2019-10-10,4,0,DAM,TAC_NORTH,Import,TOT_IMP_MW,6,924,15
2019-10-10T19:00:00-00:00,2019-10-10T20:00:00-00:00,ITIE,2019-10-10,13,0,DAM,TAC_NORTH,Import,TOT_IMP_MW,6,876,15
2019-10-10T22:00:00-00:00,2019-10-10T23:00:00-00:00,ITIE,2019-10-10,16,0,DAM,TAC_NORTH,Import,TOT_IMP_MW,6,1109,15
2019-10-10T17:00:00-00:00,2019-10-10T18:00:00-00:00,ITIE,2019-10-10,11,0,DAM,TAC_NORTH,Import,TOT_IMP_MW,6,854,15
2019-10-10T18:00:00-00:00,2019-10-10T19:00:00-00:00,ITIE,2019-10-10,12,0,DAM,TAC_NORTH,Import,TOT_IMP_MW,6,753,15
2019-10-11T00:00:00-00:00,2019-10-11T01:00:00-00:00,ITIE,2019-10-10,18,0,DAM,TAC_NORTH,Import,TOT_IMP_MW,6,1946,15
2019-10-10T13:00:00-00:00,2019-10-10T14:00:00-00:00,ITIE,2019-10-10,7,0,DAM,TAC_NORTH,Import,TOT_IMP_MW,6,1688,15
2019-10-10T14:00:00-00:00,2019-10-10T15:00:00-00:00,ITIE,2019-10-10,8,0,DAM,TAC_NORTH,Import,TOT_IMP_MW,6,1572,15
2019-10-10T15:00:00-00:00,2019-10-10T16:00:00-00:00,ITIE,2019-10-10,9,0,DAM,TAC_NORTH,Import,TOT_IMP_MW,6,949.16,15
2019-10-10T23:00:00-00:00,2019-10-11T00:00:00-00:00,ITIE,2019-10-10,17,0,DAM,TAC_NORTH,Import,TOT_IMP_MW,6,977,15
2019-10-10T08:00:00-00:00,2019-10-10T09:00:00-00:00,ITIE,2019-10-10,2,0,DAM,TAC_NORTH,Import,TOT_IMP_MW,6,925,15
2019-10-10T20:00:00-00:00,2019-10-10T21:00:00-00:00,ITIE,2019-10-10,14,0,DAM,TAC_NORTH,Import,TOT_IMP_MW,6,797,15
2019-10-11T06:00:00-00:00,2019-10-11T07:00:00-00:00,ITIE,2019-10-10,24,0,DAM,TAC_NORTH,Import,TOT_IMP_MW,6,1226,15
2019-10-10T11:00:00-00:00,2019-10-10T12:00:00-00:00,ITIE,2019-10-10,5,0,DAM,TAC_NORTH,Import,TOT_IMP_MW,6,962,15
2019-10-10T21:00:00-00:00,2019-10-10T22:00:00-00:00,ITIE,2019-10-10,15,0,DAM,TAC_NORTH,Import,TOT_IMP_MW,6,837.08,15
2019-10-10T12:00:00-00:00,2019-10-10T13:00:00-00:00,ITIE,2019-10-10,6,0,DAM,TAC_NORTH,Import,TOT_IMP_MW,6,1207,15
2019-10-10T16:00:00-00:00,2019-10-10T17:00:00-00:00,ITIE,2019-10-10,10,0,DAM,TAC_NORTH,Import,TOT_IMP_MW,6,932,15
2019-10-11T01:00:00-00:00,2019-10-11T02:00:00-00:00,ITIE,2019-10-10,19,0,DAM,TAC_NORTH,Import,TOT_IMP_MW,6,2431,15
2019-10-10T13:00:00-00:00,2019-10-10T14:00:00-00:00,LOAD,2019-10-10,7,0,DAM,TAC_NORTH,Load,TOT_LOAD_MW,8,9980.07,16
2019-10-11T00:00:00-00:00,2019-10-11T01:00:00-00:00,LOAD,2019-10-10,18,0,DAM,TAC_NORTH,Load,TOT_LOAD_MW,8,11910.72,16
2019-10-10T15:00:00-00:00,2019-10-10T16:00:00-00:00,LOAD,2019-10-10,9,0,DAM,TAC_NORTH,Load,TOT_LOAD_MW,8,10555.53,16
2019-10-10T23:00:00-00:00,2019-10-11T00:00:00-00:00,LOAD,2019-10-10,17,0,DAM,TAC_NORTH,Load,TOT_LOAD_MW,8,11276.38,16
2019-10-10T08:00:00-00:00,2019-10-10T09:00:00-00:00,LOAD,2019-10-10,2,0,DAM,TAC_NORTH,Load,TOT_LOAD_MW,8,8755.35,16
2019-10-10T20:00:00-00:00,2019-10-10T21:00:00-00:00,LOAD,2019-10-10,14,0,DAM,TAC_NORTH,Load,TOT_LOAD_MW,8,10329.61,16
2019-10-11T06:00:00-00:00,2019-10-11T07:00:00-00:00,LOAD,2019-10-10,24,0,DAM,TAC_NORTH,Load,TOT_LOAD_MW,8,9711.83,16
2019-10-10T11:00:00-00:00,2019-10-10T12:00:00-00:00,LOAD,2019-10-10,5,0,DAM,TAC_NORTH,Load,TOT_LOAD_MW,8,8583.81,16
2019-10-10T21:00:00-00:00,2019-10-10T22:00:00-00:00,LOAD,2019-10-10,15,0,DAM,TAC_NORTH,Load,TOT_LOAD_MW,8,10503.55,16
2019-10-10T12:00:00-00:00,2019-10-10T13:00:00-00:00,LOAD,2019-10-10,6,0,DAM,TAC_NORTH,Load,TOT_LOAD_MW,8,9100.09,16
2019-10-10T16:00:00-00:00,2019-10-10T17:00:00-00:00,LOAD,2019-10-10,10,0,DAM,TAC_NORTH,Load,TOT_LOAD_MW,8,10368.04,16
2019-10-11T01:00:00-00:00,2019-10-11T02:00:00-00:00,LOAD,2019-10-10,19,0,DAM,TAC_NORTH,Load,TOT_LOAD_MW,8,12092.43,16
2019-10-11T02:00:00-00:00,2019-10-11T03:00:00-00:00,LOAD,2019-10-10,20,0,DAM,TAC_NORTH,Load,TOT_LOAD_MW,8,12298.5,16
2019-10-11T04:00:00-00:00,2019-10-11T05:00:00-00:00,LOAD,2019-10-10,22,0,DAM,TAC_NORTH,Load,TOT_LOAD_MW,8,11294.83,16
2019-10-11T03:00:00-00:00,2019-10-11T04:00:00-00:00,LOAD,2019-10-10,21,0,DAM,TAC_NORTH,Load,TOT_LOAD_MW,8,12063.25,16
2019-10-11T05:00:00-00:00,2019-10-11T06:00:00-00:00,LOAD,2019-10-10,23,0,DAM,TAC_NORTH,Load,TOT_LOAD_MW,8,10493.62,16
2019-10-10T07:00:00-00:00,2019-10-10T08:00:00-00:00,LOAD,2019-10-10,1,0,DAM,TAC_NORTH,Load,TOT_LOAD_MW,8,9178.83,16
2019-10-10T09:00:00-00:00,2019-10-10T10:00:00-00:00,LOAD,2019-10-10,3,0,DAM,TAC_NORTH,Load,TOT_LOAD_MW,8,8521.68,16
2019-10-10T10:00:00-00:00,2019-10-10T11:00:00-00:00,LOAD,2019-10-10,4,0,DAM,TAC_NORTH,Load,TOT_LOAD_MW,8,8438.04,16
2019-10-10T19:00:00-00:00,2019-10-10T20:00:00-00:00,LOAD,2019-10-10,13,0,DAM,TAC_NORTH,Load,TOT_LOAD_MW,8,10157.82,16
2019-10-10T22:00:00-00:00,2019-10-10T23:00:00-00:00,LOAD,2019-10-10,16,0,DAM,TAC_NORTH,Load,TOT_LOAD_MW,8,10901.16,16
2019-10-10T17:00:00-00:00,2019-10-10T18:00:00-00:00,LOAD,2019-10-10,11,0,DAM,TAC_NORTH,Load,TOT_LOAD_MW,8,10271.22,16
2019-10-10T18:00:00-00:00,2019-10-10T19:00:00-00:00,LOAD,2019-10-10,12,0,DAM,TAC_NORTH,Load,TOT_LOAD_MW,8,10263.19,16
2019-10-10T14:00:00-00:00,2019-10-10T15:00:00-00:00,LOAD,2019-10-10,8,0,DAM,TAC_NORTH,Load,TOT_LOAD_MW,8,10558.09,16
2019-10-10T09:00:00-00:00,2019-10-10T10:00:00-00:00,ETIE,2019-10-10,3,0,DAM,TAC_SOUTH,Export,TOT_EXP_MW,5,281,17
2019-10-11T00:00:00-00:00,2019-10-11T01:00:00-00:00,ETIE,2019-10-10,18,0,DAM,TAC_SOUTH,Export,TOT_EXP_MW,5,212,17
2019-10-10T21:00:00-00:00,2019-10-10T22:00:00-00:00,ETIE,2019-10-10,15,0,DAM,TAC_SOUTH,Export,TOT_EXP_MW,5,316,17
2019-10-10T10:00:00-00:00,2019-10-10T11:00:00-00:00,ETIE,2019-10-10,4,0,DAM,TAC_SOUTH,Export,TOT_EXP_MW,5,281,17
2019-10-10T12:00:00-00:00,2019-10-10T13:00:00-00:00,ETIE,2019-10-10,6,0,DAM,TAC_SOUTH,Export,TOT_EXP_MW,5,281,17
2019-10-11T06:00:00-00:00,2019-10-11T07:00:00-00:00,ETIE,2019-10-10,24,0,DAM,TAC_SOUTH,Export,TOT_EXP_MW,5,281,17
2019-10-11T04:00:00-00:00,2019-10-11T05:00:00-00:00,ETIE,2019-10-10,22,0,DAM,TAC_SOUTH,Export,TOT_EXP_MW,5,212,17
2019-10-11T02:00:00-00:00,2019-10-11T03:00:00-00:00,ETIE,2019-10-10,20,0,DAM,TAC_SOUTH,Export,TOT_EXP_MW,5,212,17
2019-10-11T01:00:00-00:00,2019-10-11T02:00:00-00:00,ETIE,2019-10-10,19,0,DAM,TAC_SOUTH,Export,TOT_EXP_MW,5,221,17
2019-10-10T22:00:00-00:00,2019-10-10T23:00:00-00:00,ETIE,2019-10-10,16,0,DAM,TAC_SOUTH,Export,TOT_EXP_MW,5,323,17
2019-10-11T05:00:00-00:00,2019-10-11T06:00:00-00:00,ETIE,2019-10-10,23,0,DAM,TAC_SOUTH,Export,TOT_EXP_MW,5,287,17
2019-10-10T07:00:00-00:00,2019-10-10T08:00:00-00:00,ETIE,2019-10-10,1,0,DAM,TAC_SOUTH,Export,TOT_EXP_MW,5,286,17
2019-10-10T23:00:00-00:00,2019-10-11T00:00:00-00:00,ETIE,2019-10-10,17,0,DAM,TAC_SOUTH,Export,TOT_EXP_MW,5,292,17
2019-10-10T20:00:00-00:00,2019-10-10T21:00:00-00:00,ETIE,2019-10-10,14,0,DAM,TAC_SOUTH,Export,TOT_EXP_MW,5,272,17
2019-10-10T11:00:00-00:00,2019-10-10T12:00:00-00:00,ETIE,2019-10-10,5,0,DAM,TAC_SOUTH,Export,TOT_EXP_MW,5,281,17
2019-10-10T08:00:00-00:00,2019-10-10T09:00:00-00:00,ETIE,2019-10-10,2,0,DAM,TAC_SOUTH,Export,TOT_EXP_MW,5,281,17
2019-10-11T03:00:00-00:00,2019-10-11T04:00:00-00:00,ETIE,2019-10-10,21,0,DAM,TAC_SOUTH,Export,TOT_EXP_MW,5,212,17
2019-10-10T17:00:00-00:00,2019-10-10T18:00:00-00:00,ETIE,2019-10-10,11,0,DAM,TAC_SOUTH,Export,TOT_EXP_MW,5,302,17
2019-10-10T16:00:00-00:00,2019-10-10T17:00:00-00:00,ETIE,2019-10-10,10,0,DAM,TAC_SOUTH,Export,TOT_EXP_MW,5,222,17
2019-10-10T14:00:00-00:00,2019-10-10T15:00:00-00:00,ETIE,2019-10-10,8,0,DAM,TAC_SOUTH,Export,TOT_EXP_MW,5,212,17
2019-10-10T13:00:00-00:00,2019-10-10T14:00:00-00:00,ETIE,2019-10-10,7,0,DAM,TAC_SOUTH,Export,TOT_EXP_MW,5,212,17
2019-10-10T19:00:00-00:00,2019-10-10T20:00:00-00:00,ETIE,2019-10-10,13,0,DAM,TAC_SOUTH,Export,TOT_EXP_MW,5,311,17
2019-10-10T18:00:00-00:00,2019-10-10T19:00:00-00:00,ETIE,2019-10-10,12,0,DAM,TAC_SOUTH,Export,TOT_EXP_MW,5,302,17
2019-10-10T15:00:00-00:00,2019-10-10T16:00:00-00:00,ETIE,2019-10-10,9,0,DAM,TAC_SOUTH,Export,TOT_EXP_MW,5,212,17
2019-10-10T09:00:00-00:00,2019-10-10T10:00:00-00:00,GEN,2019-10-10,3,0,DAM,TAC_SOUTH,Generation,TOT_GEN_MW,7,1165.95,18
2019-10-10T21:00:00-00:00,2019-10-10T22:00:00-00:00,GEN,2019-10-10,15,0,DAM,TAC_SOUTH,Generation,TOT_GEN_MW,7,1961.02,18
2019-10-10T12:00:00-00:00,2019-10-10T13:00:00-00:00,GEN,2019-10-10,6,0,DAM,TAC_SOUTH,Generation,TOT_GEN_MW,7,1415.49,18
2019-10-11T06:00:00-00:00,2019-10-11T07:00:00-00:00,GEN,2019-10-10,24,0,DAM,TAC_SOUTH,Generation,TOT_GEN_MW,7,1338.57,18
2019-10-11T04:00:00-00:00,2019-10-11T05:00:00-00:00,GEN,2019-10-10,22,0,DAM,TAC_SOUTH,Generation,TOT_GEN_MW,7,1517.74,18
2019-10-11T02:00:00-00:00,2019-10-11T03:00:00-00:00,GEN,2019-10-10,20,0,DAM,TAC_SOUTH,Generation,TOT_GEN_MW,7,2018.45,18
2019-10-11T01:00:00-00:00,2019-10-11T02:00:00-00:00,GEN,2019-10-10,19,0,DAM,TAC_SOUTH,Generation,TOT_GEN_MW,7,2026.82,18
2019-10-10T22:00:00-00:00,2019-10-10T23:00:00-00:00,GEN,2019-10-10,16,0,DAM,TAC_SOUTH,Generation,TOT_GEN_MW,7,2216.69,18
2019-10-11T05:00:00-00:00,2019-10-11T06:00:00-00:00,GEN,2019-10-10,23,0,DAM,TAC_SOUTH,Generation,TOT_GEN_MW,7,1479.68,18
2019-10-10T07:00:00-00:00,2019-10-10T08:00:00-00:00,GEN,2019-10-10,1,0,DAM,TAC_SOUTH,Generation,TOT_GEN_MW,7,1299.74,18
2019-10-10T23:00:00-00:00,2019-10-11T00:00:00-00:00,GEN,2019-10-10,17,0,DAM,TAC_SOUTH,Generation,TOT_GEN_MW,7,2205.06,18
2019-10-10T20:00:00-00:00,2019-10-10T21:00:00-00:00,GEN,2019-10-10,14,0,DAM,TAC_SOUTH,Generation,TOT_GEN_MW,7,1976.44,18
2019-10-10T11:00:00-00:00,2019-10-10T12:00:00-00:00,GEN,2019-10-10,5,0,DAM,TAC_SOUTH,Generation,TOT_GEN_MW,7,1035.14,18
2019-10-10T08:00:00-00:00,2019-10-10T09:00:00-00:00,GEN,2019-10-10,2,0,DAM,TAC_SOUTH,Generation,TOT_GEN_MW,7,1251.22,18
2019-10-11T03:00:00-00:00,2019-10-11T04:00:00-00:00,GEN,2019-10-10,21,0,DAM,TAC_SOUTH,Generation,TOT_GEN_MW,7,1555.35,18
2019-10-10T17:00:00-00:00,2019-10-10T18:00:00-00:00,GEN,2019-10-10,11,0,DAM,TAC_SOUTH,Generation,TOT_GEN_MW,7,2018.05,18
2019-10-10T16:00:00-00:00,2019-10-10T17:00:00-00:00,GEN,2019-10-10,10,0,DAM,TAC_SOUTH,Generation,TOT_GEN_MW,7,1927.12,18
2019-10-10T14:00:00-00:00,2019-10-10T15:00:00-00:00,GEN,2019-10-10,8,0,DAM,TAC_SOUTH,Generation,TOT_GEN_MW,7,1809.21,18
2019-10-10T13:00:00-00:00,2019-10-10T14:00:00-00:00,GEN,2019-10-10,7,0,DAM,TAC_SOUTH,Generation,TOT_GEN_MW,7,1542.88,18
2019-10-10T19:00:00-00:00,2019-10-10T20:00:00-00:00,GEN,2019-10-10,13,0,DAM,TAC_SOUTH,Generation,TOT_GEN_MW,7,2008.49,18
2019-10-10T18:00:00-00:00,2019-10-10T19:00:00-00:00,GEN,2019-10-10,12,0,DAM,TAC_SOUTH,Generation,TOT_GEN_MW,7,2004.09,18
2019-10-10T15:00:00-00:00,2019-10-10T16:00:00-00:00,GEN,2019-10-10,9,0,DAM,TAC_SOUTH,Generation,TOT_GEN_MW,7,1756.01,18
2019-10-11T00:00:00-00:00,2019-10-11T01:00:00-00:00,GEN,2019-10-10,18,0,DAM,TAC_SOUTH,Generation,TOT_GEN_MW,7,1885.59,18
2019-10-10T10:00:00-00:00,2019-10-10T11:00:00-00:00,GEN,2019-10-10,4,0,DAM,TAC_SOUTH,Generation,TOT_GEN_MW,7,1077.28,18
2019-10-10T22:00:00-00:00,2019-10-10T23:00:00-00:00,ITIE,2019-10-10,16,0,DAM,TAC_SOUTH,Import,TOT_IMP_MW,6,221,19
2019-10-11T01:00:00-00:00,2019-10-11T02:00:00-00:00,ITIE,2019-10-10,19,0,DAM,TAC_SOUTH,Import,TOT_IMP_MW,6,2,19
2019-10-11T02:00:00-00:00,2019-10-11T03:00:00-00:00,ITIE,2019-10-10,20,0,DAM,TAC_SOUTH,Import,TOT_IMP_MW,6,2,19
2019-10-11T04:00:00-00:00,2019-10-11T05:00:00-00:00,ITIE,2019-10-10,22,0,DAM,TAC_SOUTH,Import,TOT_IMP_MW,6,2,19
2019-10-11T06:00:00-00:00,2019-10-11T07:00:00-00:00,ITIE,2019-10-10,24,0,DAM,TAC_SOUTH,Import,TOT_IMP_MW,6,2,19
2019-10-10T12:00:00-00:00,2019-10-10T13:00:00-00:00,ITIE,2019-10-10,6,0,DAM,TAC_SOUTH,Import,TOT_IMP_MW,6,2,19
2019-10-10T10:00:00-00:00,2019-10-10T11:00:00-00:00,ITIE,2019-10-10,4,0,DAM,TAC_SOUTH,Import,TOT_IMP_MW,6,2,19
2019-10-10T21:00:00-00:00,2019-10-10T22:00:00-00:00,ITIE,2019-10-10,15,0,DAM,TAC_SOUTH,Import,TOT_IMP_MW,6,221,19
2019-10-10T09:00:00-00:00,2019-10-10T10:00:00-00:00,ITIE,2019-10-10,3,0,DAM,TAC_SOUTH,Import,TOT_IMP_MW,6,2,19
2019-10-11T00:00:00-00:00,2019-10-11T01:00:00-00:00,ITIE,2019-10-10,18,0,DAM,TAC_SOUTH,Import,TOT_IMP_MW,6,42,19
2019-10-10T15:00:00-00:00,2019-10-10T16:00:00-00:00,ITIE,2019-10-10,9,0,DAM,TAC_SOUTH,Import,TOT_IMP_MW,6,183,19
2019-10-10T18:00:00-00:00,2019-10-10T19:00:00-00:00,ITIE,2019-10-10,12,0,DAM,TAC_SOUTH,Import,TOT_IMP_MW,6,237,19
2019-10-10T19:00:00-00:00,2019-10-10T20:00:00-00:00,ITIE,2019-10-10,13,0,DAM,TAC_SOUTH,Import,TOT_IMP_MW,6,213,19
2019-10-10T13:00:00-00:00,2019-10-10T14:00:00-00:00,ITIE,2019-10-10,7,0,DAM,TAC_SOUTH,Import,TOT_IMP_MW,6,2,19
2019-10-10T14:00:00-00:00,2019-10-10T15:00:00-00:00,ITIE,2019-10-10,8,0,DAM,TAC_SOUTH,Import,TOT_IMP_MW,6,76,19
2019-10-10T16:00:00-00:00,2019-10-10T17:00:00-00:00,ITIE,2019-10-10,10,0,DAM,TAC_SOUTH,Import,TOT_IMP_MW,6,228,19
2019-10-10T17:00:00-00:00,2019-10-10T18:00:00-00:00,ITIE,2019-10-10,11,0,DAM,TAC_SOUTH,Import,TOT_IMP_MW,6,227,19
2019-10-11T03:00:00-00:00,2019-10-11T04:00:00-00:00,ITIE,2019-10-10,21,0,DAM,TAC_SOUTH,Import,TOT_IMP_MW,6,2,19
2019-10-10T08:00:00-00:00,2019-10-10T09:00:00-00:00,ITIE,2019-10-10,2,0,DAM,TAC_SOUTH,Import,TOT_IMP_MW,6,2,19
2019-10-10T11:00:00-00:00,2019-10-10T12:00:00-00:00,ITIE,2019-10-10,5,0,DAM,TAC_SOUTH,Import,TOT_IMP_MW,6,2,19
2019-10-10T20:00:00-00:00,2019-10-10T21:00:00-00:00,ITIE,2019-10-10,14,0,DAM,TAC_SOUTH,Import,TOT_IMP_MW,6,218,19
2019-10-10T23:00:00-00:00,2019-10-11T00:00:00-00:00,ITIE,2019-10-10,17,0,DAM,TAC_SOUTH,Import,TOT_IMP_MW,6,166,19
2019-10-10T07:00:00-00:00,2019-10-10T08:00:00-00:00,ITIE,2019-10-10,1,0,DAM,TAC_SOUTH,Import,TOT_IMP_MW,6,2,19
2019-10-11T05:00:00-00:00,2019-10-11T06:00:00-00:00,ITIE,2019-10-10,23,0,DAM,TAC_SOUTH,Import,TOT_IMP_MW,6,2,19
2019-10-10T09:00:00-00:00,2019-10-10T10:00:00-00:00,LOAD,2019-10-10,3,0,DAM,TAC_SOUTH,Load,TOT_LOAD_MW,8,1879.06,20
2019-10-10T21:00:00-00:00,2019-10-10T22:00:00-00:00,LOAD,2019-10-10,15,0,DAM,TAC_SOUTH,Load,TOT_LOAD_MW,8,2290.08,20
2019-10-10T15:00:00-00:00,2019-10-10T16:00:00-00:00,LOAD,2019-10-10,9,0,DAM,TAC_SOUTH,Load,TOT_LOAD_MW,8,2245.75,20
2019-10-10T18:00:00-00:00,2019-10-10T19:00:00-00:00,LOAD,2019-10-10,12,0,DAM,TAC_SOUTH,Load,TOT_LOAD_MW,8,2063.79,20
2019-10-10T19:00:00-00:00,2019-10-10T20:00:00-00:00,LOAD,2019-10-10,13,0,DAM,TAC_SOUTH,Load,TOT_LOAD_MW,8,2095.03,20
2019-10-10T13:00:00-00:00,2019-10-10T14:00:00-00:00,LOAD,2019-10-10,7,0,DAM,TAC_SOUTH,Load,TOT_LOAD_MW,8,2221.89,20
2019-10-10T14:00:00-00:00,2019-10-10T15:00:00-00:00,LOAD,2019-10-10,8,0,DAM,TAC_SOUTH,Load,TOT_LOAD_MW,8,2280.1,20
2019-10-10T16:00:00-00:00,2019-10-10T17:00:00-00:00,LOAD,2019-10-10,10,0,DAM,TAC_SOUTH,Load,TOT_LOAD_MW,8,2156.27,20
2019-10-10T17:00:00-00:00,2019-10-10T18:00:00-00:00,LOAD,2019-10-10,11,0,DAM,TAC_SOUTH,Load,TOT_LOAD_MW,8,2091.25,20
2019-10-11T03:00:00-00:00,2019-10-11T04:00:00-00:00,LOAD,2019-10-10,21,0,DAM,TAC_SOUTH,Load,TOT_LOAD_MW,8,2747.06,20
2019-10-10T08:00:00-00:00,2019-10-10T09:00:00-00:00,LOAD,2019-10-10,2,0,DAM,TAC_SOUTH,Load,TOT_LOAD_MW,8,1937.22,20
2019-10-10T11:00:00-00:00,2019-10-10T12:00:00-00:00,LOAD,2019-10-10,5,0,DAM,TAC_SOUTH,Load,TOT_LOAD_MW,8,1883.86,20
2019-10-10T20:00:00-00:00,2019-10-10T21:00:00-00:00,LOAD,2019-10-10,14,0,DAM,TAC_SOUTH,Load,TOT_LOAD_MW,8,2166.01,20
2019-10-10T23:00:00-00:00,2019-10-11T00:00:00-00:00,LOAD,2019-10-10,17,0,DAM,TAC_SOUTH,Load,TOT_LOAD_MW,8,2596.27,20
2019-10-10T07:00:00-00:00,2019-10-10T08:00:00-00:00,LOAD,2019-10-10,1,0,DAM,TAC_SOUTH,Load,TOT_LOAD_MW,8,2023.65,20
2019-10-11T05:00:00-00:00,2019-10-11T06:00:00-00:00,LOAD,2019-10-10,23,0,DAM,TAC_SOUTH,Load,TOT_LOAD_MW,8,2354.99,20
2019-10-10T22:00:00-00:00,2019-10-10T23:00:00-00:00,LOAD,2019-10-10,16,0,DAM,TAC_SOUTH,Load,TOT_LOAD_MW,8,2462.22,20
2019-10-11T01:00:00-00:00,2019-10-11T02:00:00-00:00,LOAD,2019-10-10,19,0,DAM,TAC_SOUTH,Load,TOT_LOAD_MW,8,2845.92,20
2019-10-11T02:00:00-00:00,2019-10-11T03:00:00-00:00,LOAD,2019-10-10,20,0,DAM,TAC_SOUTH,Load,TOT_LOAD_MW,8,2851.75,20
2019-10-11T04:00:00-00:00,2019-10-11T05:00:00-00:00,LOAD,2019-10-10,22,0,DAM,TAC_SOUTH,Load,TOT_LOAD_MW,8,2600.96,20
2019-10-11T06:00:00-00:00,2019-10-11T07:00:00-00:00,LOAD,2019-10-10,24,0,DAM,TAC_SOUTH,Load,TOT_LOAD_MW,8,2155.16,20
2019-10-10T12:00:00-00:00,2019-10-10T13:00:00-00:00,LOAD,2019-10-10,6,0,DAM,TAC_SOUTH,Load,TOT_LOAD_MW,8,2004.63,20
2019-10-10T10:00:00-00:00,2019-10-10T11:00:00-00:00,LOAD,2019-10-10,4,0,DAM,TAC_SOUTH,Load,TOT_LOAD_MW,8,1846.33,20
2019-10-11T00:00:00-00:00,2019-10-11T01:00:00-00:00,LOAD,2019-10-10,18,0,DAM,TAC_SOUTH,Load,TOT_LOAD_MW,8,2742.66,20
